Model,Level,MAE,RMSE,R2
Gradient Boosting,0,0.005361396377423959,0.014690281890521295,0.9999991450570158
Random Forest,0,0.01576660692683639,0.061231826752615036,0.9999851464136277
Ridge Meta,1,0.0053721413109284535,0.01531531030526142,0.9999990707587191
